sentence_idx,sentence,label,note_span
0,"HPI: The patient, a male, presented with neck pain after a recent car crash in February of this year.",Faithful,
1,"He reports experiencing sharp, incapacitating pain, rated at a 12 out of 10, which has prevented him from working.",Faithful,
2,"He has a history of multiple car crashes, including one in which he underwent surgery.",Faithful,
3,"He reports stiffness, headaches, dizziness, visual disturbances, numbness in his left arm and right leg, and spasms throughout his body.",Faithful,
4,He has been experiencing fatigue since the accident.,Faithful,
5,"Past medical history: The patient has a history of car crashes, including a recent one in February of this year.",Faithful,
6,He underwent surgery after a previous crash and has been in therapy.,Faithful,
7,"Review of systems: The patient reports headaches, dizziness, visual disturbances, numbness, and spasms.",Faithful,
8,"Current medications: He was previously prescribed fentanyl, but has not taken it for several weeks.",Faithful,
9,Vital signs: Not mentioned.,Faithful,
10,"Physical exam: The patient has pain on palpation of the neck, both on the bony process and muscle.",Faithful,
11,"He has moderate range of movement in his neck, but experiences pain when bending forward and backwards.",Faithful,
12,"There is no bruising, swelling, or laceration observed.",Faithful,
13,"Test Results: The patient had an x-ray before coming in, which did not show a fracture.",Faithful,
14,"Assessment: The patient has a neck sprain, which can be explained by the recent car crash.",Faithful,
15,Problem list: Neck sprain; Active.,Fabrication,Neck sprain; Active
16,I prescribed robaxin 1500mg every 6-8 hours for muscle relaxation and pain relief.,Faithful,
17,I also instructed the patient to apply ice to the affected area and perform exercises to maintain range of motion.,Faithful,
18,We will refer the patient to physical therapy and order an MRI to further evaluate the condition.,Faithful,
19,We will also explore local injections and refer the patient to pain management if necessary.,Faithful,
20,The patient will be given a note to excuse him from work until the MRI results are available.,Faithful,
21,Follow-up: The patient will be seen after the MRI results are available to discuss further treatment options.,Fabrication,The patient will be seen after the MRI results are available to discuss further treatment options
